"Zreal_rmse","Zreal_mae","Zreal_rsq","Zimag_rmse","Zimag_mae","Zimag_rsq"
0.00778903863685466,0.0029849765739096,0.992024492351913,0.17932822346405,0.0215697405495953,0.972792006991187
